<?xml version="1.0" encoding="UTF-8"?>
<project-private xmlns="http://www.netbeans.org/ns/project-private/1">
    <editor-bookmarks xmlns="http://www.netbeans.org/ns/editor-bookmarks/2" lastBookmarkId="0"/>
    <open-files xmlns="http://www.netbeans.org/ns/projectui-open-files/2">
        <group>
            <file>file:/C:/Users/rd-bondswiu.edu/Documents/NetBeansProjects/GuessingGame/src/guessinggame/GuessingGame.java</file>
            <file>file:/C:/Users/rd-bondswiu.edu/Documents/NetBeansProjects/GuessingGame/nbproject/build-impl.xml</file>
            <file>file:/C:/Users/rd-bondswiu.edu/Documents/NetBeansProjects/GuessingGame/src/guessinggame/Card.java</file>
            <file>file:/C:/Users/rd-bondswiu.edu/Documents/NetBeansProjects/GuessingGame/src/guessinggame/GamePage.java</file>
            <file>file:/C:/Users/rd-bondswiu.edu/Documents/NetBeansProjects/GuessingGame/src/guessinggame/Deck.java</file>
        </group>
    </open-files>
</project-private>
